dt_index,id,id_str,full_text,truncated,display_text_range,source,in_reply_to_status_id,in_reply_to_status_id_str,in_reply_to_user_id,in_reply_to_user_id_str,in_reply_to_screen_name,geo,coordinates,place,contributors,is_quote_status,retweet_count,favorite_count,favorited,retweeted,lang,entities.hashtags,entities.symbols,entities.user_mentions,entities.urls,metadata.iso_language_code,metadata.result_type,user.id,user.id_str,user.name,user.screen_name,user.location,user.description,user.url,user.entities.description.urls,user.protected,user.followers_count,user.friends_count,user.listed_count,user.created_at,user.favourites_count,user.utc_offset,user.time_zone,user.geo_enabled,user.verified,user.statuses_count,user.lang,user.contributors_enabled,user.is_translator,user.is_translation_enabled,user.profile_background_color,user.profile_background_image_url,user.profile_background_image_url_https,user.profile_background_tile,user.profile_image_url,user.profile_image_url_https,user.profile_banner_url,user.profile_link_color,user.profile_sidebar_border_color,user.profile_sidebar_fill_color,user.profile_text_color,user.profile_use_background_image,user.has_extended_profile,user.default_profile,user.default_profile_image,user.following,user.follow_request_sent,user.notifications,user.translator_type,quoted_status_id,quoted_status_id_str,possibly_sensitive,retweeted_status.created_at,retweeted_status.id,retweeted_status.id_str,retweeted_status.full_text,retweeted_status.truncated,retweeted_status.display_text_range,retweeted_status.entities.hashtags,retweeted_status.entities.symbols,retweeted_status.entities.user_mentions,retweeted_status.entities.urls,retweeted_status.metadata.iso_language_code,retweeted_status.metadata.result_type,retweeted_status.source,retweeted_status.in_reply_to_status_id,retweeted_status.in_reply_to_status_id_str,retweeted_status.in_reply_to_user_id,retweeted_status.in_reply_to_user_id_str,retweeted_status.in_reply_to_screen_name,retweeted_status.user.id,retweeted_status.user.id_str,retweeted_status.user.name,retweeted_status.user.screen_name,retweeted_status.user.location,retweeted_status.user.description,retweeted_status.user.url,retweeted_status.user.entities.description.urls,retweeted_status.user.protected,retweeted_status.user.followers_count,retweeted_status.user.friends_count,retweeted_status.user.listed_count,retweeted_status.user.created_at,retweeted_status.user.favourites_count,retweeted_status.user.utc_offset,retweeted_status.user.time_zone,retweeted_status.user.geo_enabled,retweeted_status.user.verified,retweeted_status.user.statuses_count,retweeted_status.user.lang,retweeted_status.user.contributors_enabled,retweeted_status.user.is_translator,retweeted_status.user.is_translation_enabled,retweeted_status.user.profile_background_color,retweeted_status.user.profile_background_image_url,retweeted_status.user.profile_background_image_url_https,retweeted_status.user.profile_background_tile,retweeted_status.user.profile_image_url,retweeted_status.user.profile_image_url_https,retweeted_status.user.profile_banner_url,retweeted_status.user.profile_link_color,retweeted_status.user.profile_sidebar_border_color,retweeted_status.user.profile_sidebar_fill_color,retweeted_status.user.profile_text_color,retweeted_status.user.profile_use_background_image,retweeted_status.user.has_extended_profile,retweeted_status.user.default_profile,retweeted_status.user.default_profile_image,retweeted_status.user.following,retweeted_status.user.follow_request_sent,retweeted_status.user.notifications,retweeted_status.user.translator_type,retweeted_status.geo,retweeted_status.coordinates,retweeted_status.place,retweeted_status.contributors,retweeted_status.is_quote_status,retweeted_status.quoted_status_id,retweeted_status.quoted_status_id_str,retweeted_status.quoted_status.created_at,retweeted_status.quoted_status.id,retweeted_status.quoted_status.id_str,retweeted_status.quoted_status.full_text,retweeted_status.quoted_status.truncated,retweeted_status.quoted_status.display_text_range,retweeted_status.quoted_status.entities.hashtags,retweeted_status.quoted_status.entities.symbols,retweeted_status.quoted_status.entities.user_mentions,retweeted_status.quoted_status.entities.urls,retweeted_status.quoted_status.metadata.iso_language_code,retweeted_status.quoted_status.metadata.result_type,retweeted_status.quoted_status.source,retweeted_status.quoted_status.in_reply_to_status_id,retweeted_status.quoted_status.in_reply_to_status_id_str,retweeted_status.quoted_status.in_reply_to_user_id,retweeted_status.quoted_status.in_reply_to_user_id_str,retweeted_status.quoted_status.in_reply_to_screen_name,retweeted_status.quoted_status.user.id,retweeted_status.quoted_status.user.id_str,retweeted_status.quoted_status.user.name,retweeted_status.quoted_status.user.screen_name,retweeted_status.quoted_status.user.location,retweeted_status.quoted_status.user.description,retweeted_status.quoted_status.user.url,retweeted_status.quoted_status.user.entities.description.urls,retweeted_status.quoted_status.user.protected,retweeted_status.quoted_status.user.followers_count,retweeted_status.quoted_status.user.friends_count,retweeted_status.quoted_status.user.listed_count,retweeted_status.quoted_status.user.created_at,retweeted_status.quoted_status.user.favourites_count,retweeted_status.quoted_status.user.utc_offset,retweeted_status.quoted_status.user.time_zone,retweeted_status.quoted_status.user.geo_enabled,retweeted_status.quoted_status.user.verified,retweeted_status.quoted_status.user.statuses_count,retweeted_status.quoted_status.user.lang,retweeted_status.quoted_status.user.contributors_enabled,retweeted_status.quoted_status.user.is_translator,retweeted_status.quoted_status.user.is_translation_enabled,retweeted_status.quoted_status.user.profile_background_color,retweeted_status.quoted_status.user.profile_background_image_url,retweeted_status.quoted_status.user.profile_background_image_url_https,retweeted_status.quoted_status.user.profile_background_tile,retweeted_status.quoted_status.user.profile_image_url,retweeted_status.quoted_status.user.profile_image_url_https,retweeted_status.quoted_status.user.profile_banner_url,retweeted_status.quoted_status.user.profile_link_color,retweeted_status.quoted_status.user.profile_sidebar_border_color,retweeted_status.quoted_status.user.profile_sidebar_fill_color,retweeted_status.quoted_status.user.profile_text_color,retweeted_status.quoted_status.user.profile_use_background_image,retweeted_status.quoted_status.user.has_extended_profile,retweeted_status.quoted_status.user.default_profile,retweeted_status.quoted_status.user.default_profile_image,retweeted_status.quoted_status.user.following,retweeted_status.quoted_status.user.follow_request_sent,retweeted_status.quoted_status.user.notifications,retweeted_status.quoted_status.user.translator_type,retweeted_status.quoted_status.geo,retweeted_status.quoted_status.coordinates,retweeted_status.quoted_status.place,retweeted_status.quoted_status.contributors,retweeted_status.quoted_status.is_quote_status,retweeted_status.quoted_status.retweet_count,retweeted_status.quoted_status.favorite_count,retweeted_status.quoted_status.favorited,retweeted_status.quoted_status.retweeted,retweeted_status.quoted_status.lang,retweeted_status.retweet_count,retweeted_status.favorite_count,retweeted_status.favorited,retweeted_status.retweeted,retweeted_status.possibly_sensitive,retweeted_status.lang,user.entities.url.urls,quoted_status.created_at,quoted_status.id,quoted_status.id_str,quoted_status.full_text,quoted_status.truncated,quoted_status.display_text_range,quoted_status.entities.hashtags,quoted_status.entities.symbols,quoted_status.entities.user_mentions,quoted_status.entities.urls,quoted_status.entities.media,quoted_status.extended_entities.media,quoted_status.metadata.iso_language_code,quoted_status.metadata.result_type,quoted_status.source,quoted_status.in_reply_to_status_id,quoted_status.in_reply_to_status_id_str,quoted_status.in_reply_to_user_id,quoted_status.in_reply_to_user_id_str,quoted_status.in_reply_to_screen_name,quoted_status.user.id,quoted_status.user.id_str,quoted_status.user.name,quoted_status.user.screen_name,quoted_status.user.location,quoted_status.user.description,quoted_status.user.url,quoted_status.user.entities.url.urls,quoted_status.user.entities.description.urls,quoted_status.user.protected,quoted_status.user.followers_count,quoted_status.user.friends_count,quoted_status.user.listed_count,quoted_status.user.created_at,quoted_status.user.favourites_count,quoted_status.user.utc_offset,quoted_status.user.time_zone,quoted_status.user.geo_enabled,quoted_status.user.verified,quoted_status.user.statuses_count,quoted_status.user.lang,quoted_status.user.contributors_enabled,quoted_status.user.is_translator,quoted_status.user.is_translation_enabled,quoted_status.user.profile_background_color,quoted_status.user.profile_background_image_url,quoted_status.user.profile_background_image_url_https,quoted_status.user.profile_background_tile,quoted_status.user.profile_image_url,quoted_status.user.profile_image_url_https,quoted_status.user.profile_banner_url,quoted_status.user.profile_link_color,quoted_status.user.profile_sidebar_border_color,quoted_status.user.profile_sidebar_fill_color,quoted_status.user.profile_text_color,quoted_status.user.profile_use_background_image,quoted_status.user.has_extended_profile,quoted_status.user.default_profile,quoted_status.user.default_profile_image,quoted_status.user.following,quoted_status.user.follow_request_sent,quoted_status.user.notifications,quoted_status.user.translator_type,quoted_status.geo,quoted_status.coordinates,quoted_status.place,quoted_status.contributors,quoted_status.is_quote_status,quoted_status.quoted_status_id,quoted_status.quoted_status_id_str,quoted_status.retweet_count,quoted_status.favorite_count,quoted_status.favorited,quoted_status.retweeted,quoted_status.possibly_sensitive,quoted_status.lang,fetched_at
2020-10-26 15:08:42+00:00,1320744167870500864,1320744167870500864,"Stop missing out on gains on RobinHood and switch to Webull.
Benefits:
-FREE 3 months of lvl 2 data
-No commission fees,
-8 hours of extra trading
-And 2 free stocks valued up to 1600$ upon 100$ deposit!

https://t.co/pCyHQ4QWXY
Watching:
$fbio $ibio $Kodk $Phun $Boxl $hht
$tara",False,"[0, 279]","<a href=""http://twitter.com/download/iphone"" rel=""nofollow"">Twitter for iPhone</a>",,,,,,,,,,False,0,0,False,False,en,[],"[{'text': 'fbio', 'indices': [239, 244]}, {'text': 'ibio', 'indices': [245, 250]}, {'text': 'Kodk', 'indices': [251, 256]}, {'text': 'Phun', 'indices': [257, 262]}, {'text': 'Boxl', 'indices': [263, 268]}, {'text': 'hht', 'indices': [269, 273]}, {'text': 'tara', 'indices': [274, 279]}]",[],"[{'url': 'https://t.co/pCyHQ4QWXY', 'expanded_url': 'http://act.webull.com/n/6ZeIIYRrxtd9', 'display_url': 'act.webull.com/n/6ZeIIYRrxtd9', 'indices': [205, 228]}]",en,recent,1289270730564214785,1289270730564214785,Darrell Johnson,TheDJTrading,,"The DJ. Trading since I was 19. Experience in every part of the market but always learning! Not financial advice, just ideas. Lets get rich together.",https://t.co/xCg2sZCnvM,[],False,38,0,0,Fri Jul 31 18:44:37 +0000 2020,5,,,False,False,63,,False,False,False,F5F8FA,,,False,http://pbs.twimg.com/profile_images/1308044985405771776/yPKcO02U_normal.jpg,https://pbs.twimg.com/profile_images/1308044985405771776/yPKcO02U_normal.jpg,https://pbs.twimg.com/profile_banners/1289270730564214785/1596221233,1DA1F2,C0DEED,DDEEF6,333333,True,True,True,False,False,False,False,none,,,False,,,,,,,,,,,,,,,,,,,,,,,,,,,,,,,,,,,,,,,,,,,,,,,,,,,,,,,,,,,,,,,,,,,,,,,,,,,,,,,,,,,,,,,,,,,,,,,,,,,,,,,,,,,,,,,,,,,,,,,,,,,,,,,,,,,,,,,,,,,,,,,,"[{'url': 'https://t.co/xCg2sZCnvM', 'expanded_url': 'http://act.webull.com/n/6ZeIIYRrxtd9', 'display_url': 'act.webull.com/n/6ZeIIYRrxtd9', 'indices': [0, 23]}]",,,,,,,,,,,,,,,,,,,,,,,,,,,,,,,,,,,,,,,,,,,,,,,,,,,,,,,,,,,,,,,,,,,,,,,,,,,,,2020-10-26 15:11:29.116014+00:00
2020-10-26 15:08:18+00:00,1320744066569674756,1320744066569674756,"Tired of getting your ass whooped in this market? Follow the link below ü§¥üíéüíé

$SPY $TRNX $ibio $visl $vstm $novn $kodk $codx $spaq $spce $trib $tril $xspa $ba $aapl $tsla $spaq $pola $cei $aihs $idex $pso $nkla $sunw $xspa $job $thmo $sup

https://t.co/zg1dpcJctR",False,"[0, 262]","<a href=""http://twitter.com/download/iphone"" rel=""nofollow"">Twitter for iPhone</a>",,,,,,,,,,False,0,0,False,False,en,[],"[{'text': 'SPY', 'indices': [77, 81]}, {'text': 'TRNX', 'indices': [82, 87]}, {'text': 'ibio', 'indices': [88, 93]}, {'text': 'visl', 'indices': [94, 99]}, {'text': 'vstm', 'indices': [100, 105]}, {'text': 'novn', 'indices': [106, 111]}, {'text': 'kodk', 'indices': [112, 117]}, {'text': 'codx', 'indices': [118, 123]}, {'text': 'spaq', 'indices': [124, 129]}, {'text': 'spce', 'indices': [130, 135]}, {'text': 'trib', 'indices': [136, 141]}, {'text': 'tril', 'indices': [142, 147]}, {'text': 'xspa', 'indices': [148, 153]}, {'text': 'ba', 'indices': [154, 157]}, {'text': 'aapl', 'indices': [158, 163]}, {'text': 'tsla', 'indices': [164, 169]}, {'text': 'spaq', 'indices': [170, 175]}, {'text': 'pola', 'indices': [176, 181]}, {'text': 'cei', 'indices': [182, 186]}, {'text': 'aihs', 'indices': [187, 192]}, {'text': 'idex', 'indices': [193, 198]}, {'text': 'pso', 'indices': [199, 203]}, {'text': 'nkla', 'indices': [204, 209]}, {'text': 'sunw', 'indices': [210, 215]}, {'text': 'xspa', 'indices': [216, 221]}, {'text': 'job', 'indices': [222, 226]}, {'text': 'thmo', 'indices': [227, 232]}, {'text': 'sup', 'indices': [233, 237]}]",[],"[{'url': 'https://t.co/zg1dpcJctR', 'expanded_url': 'https://upgrade.chat/checkout/622998887719895061', 'display_url': 'upgrade.chat/checkout/62299‚Ä¶', 'indices': [239, 262]}]",en,recent,1225962434625708032,1225962434625708032,FloridaKing,ItsFloridaking,Your Mind ,Owner of The DiamondRoom üíéJoin  for just $25/mo or $275/Yr  üíåEmail: Stocks.FloridaKing@gmail.com #DiamondTraderüíé I AM NOT A FINANCIAL ADVISOR üöß,https://t.co/nCnX3Yhj95,[],False,518,361,3,Sat Feb 08 02:00:07 +0000 2020,92,,,False,False,2044,,False,False,False,F5F8FA,,,False,http://pbs.twimg.com/profile_images/1308891854491062273/llnvtl8G_normal.jpg,https://pbs.twimg.com/profile_images/1308891854491062273/llnvtl8G_normal.jpg,https://pbs.twimg.com/profile_banners/1225962434625708032/1592871136,1DA1F2,C0DEED,DDEEF6,333333,True,True,True,False,False,False,False,none,,,False,,,,,,,,,,,,,,,,,,,,,,,,,,,,,,,,,,,,,,,,,,,,,,,,,,,,,,,,,,,,,,,,,,,,,,,,,,,,,,,,,,,,,,,,,,,,,,,,,,,,,,,,,,,,,,,,,,,,,,,,,,,,,,,,,,,,,,,,,,,,,,,,"[{'url': 'https://t.co/nCnX3Yhj95', 'expanded_url': 'https://upgrade.chat/checkout/622998887719895061', 'display_url': 'upgrade.chat/checkout/62299‚Ä¶', 'indices': [0, 23]}]",,,,,,,,,,,,,,,,,,,,,,,,,,,,,,,,,,,,,,,,,,,,,,,,,,,,,,,,,,,,,,,,,,,,,,,,,,,,,2020-10-26 15:11:29.116014+00:00
2020-10-26 14:53:28+00:00,1320740332389257216,1320740332389257216,"$KODK really @ $8?! See it as opportunity to ADD, more news on ramping up pharma ingredients inevitable.

#KODAK $IBB $XBI #MadeInUSA #OperationWarpSpeed",False,"[0, 153]","<a href=""http://twitter.com/download/android"" rel=""nofollow"">Twitter for Android</a>",,,,,,,,,,False,0,0,False,False,en,"[{'text': 'KODAK', 'indices': [106, 112]}, {'text': 'MadeInUSA', 'indices': [123, 133]}, {'text': 'OperationWarpSpeed', 'indices': [134, 153]}]","[{'text': 'KODK', 'indices': [0, 5]}, {'text': 'IBB', 'indices': [113, 117]}, {'text': 'XBI', 'indices': [118, 122]}]",[],[],en,recent,728386351096320000,728386351096320000,InnDpnDnT InnVestr,InnDeptInvestor,,*CALL* Portfolio: $UNFI $NK $MRNA $BNTX $AXS $CFG $EDIT $CRSP $QURE $MGTA $ENLV $PFE $TWTR $AUY $GG $Wynn $ADRO $SSYS  *SELL*:  $SNAP $TSLA $XRT $AMZN,,[],False,134,24,16,Fri May 06 00:50:13 +0000 2016,270,,,False,False,2289,,False,False,False,000000,http://abs.twimg.com/images/themes/theme1/bg.png,https://abs.twimg.com/images/themes/theme1/bg.png,False,http://pbs.twimg.com/profile_images/728409991326126080/4mePeL1u_normal.jpg,https://pbs.twimg.com/profile_images/728409991326126080/4mePeL1u_normal.jpg,,ABB8C2,000000,000000,0,False,False,False,False,False,False,False,none,,,,,,,,,,,,,,,,,,,,,,,,,,,,,,,,,,,,,,,,,,,,,,,,,,,,,,,,,,,,,,,,,,,,,,,,,,,,,,,,,,,,,,,,,,,,,,,,,,,,,,,,,,,,,,,,,,,,,,,,,,,,,,,,,,,,,,,,,,,,,,,,,,,,,,,,,,,,,,,,,,,,,,,,,,,,,,,,,,,,,,,,,,,,,,,,,,,,,,,,,,,,,,,,,,,,,,,,,,,,,,,,2020-10-26 15:01:00.865589+00:00
2020-10-26 14:15:46+00:00,1320730847394353153,1320730847394353153,@HenryHimmler1 Was too scared to look. Just going to hold. Thanks for posting. $SPAQ is killing me lol Funny I'm more concerned with $SPAQ and more confident about $KODK even though I'm down muuuuuch more in the latter LOL,False,"[15, 222]","<a href=""https://mobile.twitter.com"" rel=""nofollow"">Twitter Web App</a>",1.320730369126224e+18,1.320730369126224e+18,929029860.0,929029860.0,HenryHimmler1,,,,,False,0,0,False,False,en,[],"[{'text': 'SPAQ', 'indices': [79, 84]}, {'text': 'SPAQ', 'indices': [133, 138]}, {'text': 'KODK', 'indices': [164, 169]}]","[{'screen_name': 'HenryHimmler1', 'name': 'Henry Himmler', 'id': 929029860, 'id_str': '929029860', 'indices': [0, 14]}]",[],en,recent,18631420,18631420,@massumeh18 #RefinedWarrior #Activist,massumeh18,NOVA,Persistent. to the extreme... #FREEPALESTINE,,[],False,631,1672,14,Mon Jan 05 13:28:47 +0000 2009,12842,,,True,False,7190,,False,False,False,C0DEED,http://abs.twimg.com/images/themes/theme1/bg.png,https://abs.twimg.com/images/themes/theme1/bg.png,False,http://pbs.twimg.com/profile_images/1306773665082638337/E5EkJHrG_normal.jpg,https://pbs.twimg.com/profile_images/1306773665082638337/E5EkJHrG_normal.jpg,https://pbs.twimg.com/profile_banners/18631420/1598579138,1DA1F2,C0DEED,DDEEF6,333333,True,False,True,False,False,False,False,none,,,,,,,,,,,,,,,,,,,,,,,,,,,,,,,,,,,,,,,,,,,,,,,,,,,,,,,,,,,,,,,,,,,,,,,,,,,,,,,,,,,,,,,,,,,,,,,,,,,,,,,,,,,,,,,,,,,,,,,,,,,,,,,,,,,,,,,,,,,,,,,,,,,,,,,,,,,,,,,,,,,,,,,,,,,,,,,,,,,,,,,,,,,,,,,,,,,,,,,,,,,,,,,,,,,,,,,,,,,,,,,,2020-10-26 14:49:43.779717+00:00
2020-10-26 14:14:30+00:00,1320730526781722624,1320730526781722624,RT @Garold139: $gme on a weak tape üí™üëÄüî•üî•üî•... $kodk $mara https://t.co/j28aQLbWzs,False,"[0, 79]","<a href=""https://mobile.twitter.com"" rel=""nofollow"">Twitter Web App</a>",,,,,,,,,,True,1,0,False,False,en,[],"[{'text': 'gme', 'indices': [15, 19]}, {'text': 'kodk', 'indices': [44, 49]}, {'text': 'mara', 'indices': [50, 55]}]","[{'screen_name': 'Garold139', 'name': 'Jon Narbett', 'id': 847167326344675331, 'id_str': '847167326344675331', 'indices': [3, 13]}]","[{'url': 'https://t.co/j28aQLbWzs', 'expanded_url': 'https://twitter.com/mwm76/status/1320722694543941632', 'display_url': 'twitter.com/mwm76/status/1‚Ä¶', 'indices': [56, 79]}]",en,recent,87338236,87338236,Russ,RUSSHUGHES30,Texas,"Full time trader, Life is good,( I love my wife and kids!) My tweets are not intended for financial advice.",,[],False,532,13,16,Wed Nov 04 01:54:14 +0000 2009,547,,,True,False,3979,,False,False,False,C0DEED,http://abs.twimg.com/images/themes/theme1/bg.png,https://abs.twimg.com/images/themes/theme1/bg.png,False,http://pbs.twimg.com/profile_images/515305108486103040/JsiBj67N_normal.jpeg,https://pbs.twimg.com/profile_images/515305108486103040/JsiBj67N_normal.jpeg,,1DA1F2,C0DEED,DDEEF6,333333,True,False,True,False,False,False,False,none,1.3207226945439416e+18,1.3207226945439416e+18,False,Mon Oct 26 14:05:28 +0000 2020,1.3207282532424212e+18,1.3207282532424212e+18,$gme on a weak tape üí™üëÄüî•üî•üî•... $kodk $mara https://t.co/j28aQLbWzs,False,"[0, 40]",[],"[{'text': 'gme', 'indices': [0, 4]}, {'text': 'kodk', 'indices': [29, 34]}, {'text': 'mara', 'indices': [35, 40]}]",[],"[{'url': 'https://t.co/j28aQLbWzs', 'expanded_url': 'https://twitter.com/mwm76/status/1320722694543941632', 'display_url': 'twitter.com/mwm76/status/1‚Ä¶', 'indices': [41, 64]}]",en,recent,"<a href=""http://twitter.com/download/iphone"" rel=""nofollow"">Twitter for iPhone</a>",,,,,,8.471673263446753e+17,8.471673263446753e+17,Jon Narbett,Garold139,"Chicago, IL",Native Englishman in Chicago..Financial planner..former pro soccer player..life student..wannabe Somm..strictly no advice..opinions my own.,,[],False,253.0,300.0,3.0,Wed Mar 29 19:23:25 +0000 2017,4223.0,,,True,False,2471.0,,False,False,False,F5F8FA,,,False,http://pbs.twimg.com/profile_images/858662980099158016/2ohpSKN0_normal.jpg,https://pbs.twimg.com/profile_images/858662980099158016/2ohpSKN0_normal.jpg,https://pbs.twimg.com/profile_banners/847167326344675331/1598722896,1DA1F2,C0DEED,DDEEF6,333333.0,True,False,True,False,False,False,False,none,,,,,True,1.3207226945439416e+18,1.3207226945439416e+18,Mon Oct 26 13:43:22 +0000 2020,1.3207226945439416e+18,1.3207226945439416e+18,"$GME added more shares here, shorts can not get out, this is going to squeeze like nothing we have ever seen before! #MOASS",False,"[0, 123]","[{'text': 'MOASS', 'indices': [117, 123]}]","[{'text': 'GME', 'indices': [0, 4]}]",[],[],en,recent,"<a href=""https://stocktwits.com"" rel=""nofollow"">StockTwits Web</a>",,,,,,28610422.0,28610422.0,MWM,MWM76,"Louisville, Kentucky","Daytrader, not a Professional, do not take my posts as financial advice. I play very short term expiring Lotto Options and Micro Caps. #Gambler",,[],False,808.0,338.0,18.0,Fri Apr 03 17:30:21 +0000 2009,28682.0,,,False,False,35246.0,,False,False,False,0.0,http://abs.twimg.com/images/themes/theme14/bg.gif,https://abs.twimg.com/images/themes/theme14/bg.gif,False,http://pbs.twimg.com/profile_images/1272157862790344705/izKCkRmW_normal.jpg,https://pbs.twimg.com/profile_images/1272157862790344705/izKCkRmW_normal.jpg,https://pbs.twimg.com/profile_banners/28610422/1550691455,1B95E0,0.0,0.0,0.0,False,False,False,False,False,False,False,none,,,,,False,1.0,2.0,False,False,en,1.0,2.0,False,False,False,en,,,,,,,,,,,,,,,,,,,,,,,,,,,,,,,,,,,,,,,,,,,,,,,,,,,,,,,,,,,,,,,,,,,,,,,,,,,,,,2020-10-26 14:49:43.779717+00:00
2020-10-26 14:13:52+00:00,1320730369126223877,1320730369126223877,$KODK Off almost 5% this morning but the volume is very light for this name. Thus far the volume changing hands is 1.6 million shares compared to average daily volume of 24.4 million shares. Looks like most holders of the stock are holding fast.,False,"[0, 245]","<a href=""https://mobile.twitter.com"" rel=""nofollow"">Twitter Web App</a>",,,,,,,,,,False,0,1,False,False,en,[],"[{'text': 'KODK', 'indices': [0, 5]}]",[],[],en,recent,929029860,929029860,Henry Himmler,HenryHimmler1,"Bremerhaven, Germany",Investment and trading comments are solely my opinion and do not constitute professional advice. Do your own due diligence.,,[],False,910,671,13,Tue Nov 06 05:09:15 +0000 2012,97,,,True,False,17914,,False,False,False,C0DEED,http://abs.twimg.com/images/themes/theme1/bg.png,https://abs.twimg.com/images/themes/theme1/bg.png,False,http://pbs.twimg.com/profile_images/1129777430363856897/exWdSLSC_normal.png,https://pbs.twimg.com/profile_images/1129777430363856897/exWdSLSC_normal.png,https://pbs.twimg.com/profile_banners/929029860/1510591156,1DA1F2,C0DEED,DDEEF6,333333,True,False,True,False,False,False,False,none,,,,,,,,,,,,,,,,,,,,,,,,,,,,,,,,,,,,,,,,,,,,,,,,,,,,,,,,,,,,,,,,,,,,,,,,,,,,,,,,,,,,,,,,,,,,,,,,,,,,,,,,,,,,,,,,,,,,,,,,,,,,,,,,,,,,,,,,,,,,,,,,,,,,,,,,,,,,,,,,,,,,,,,,,,,,,,,,,,,,,,,,,,,,,,,,,,,,,,,,,,,,,,,,,,,,,,,,,,,,,,,,2020-10-26 14:49:43.779717+00:00
2020-10-26 14:12:05+00:00,1320729920667004929,1320729920667004929,"Eastman Kodak Option Alert: Nov 6 $8 Calls Sweep (27) near the Ask: 999 @ $0.801 vs 516 OI; Earnings 11/9 After Close [est] Ref=$8.13

Related Tickers: $KODK",False,"[0, 157]","<a href=""https://www.thestockbible.com"" rel=""nofollow"">QuantData</a>",,,,,,,,,,False,0,0,False,False,en,[],"[{'text': 'KODK', 'indices': [152, 157]}]",[],[],en,recent,1254906887490936845,1254906887490936845,Quant Data,quant_data,"Florida, U.S.","Institutional grade real-time options order flow, news, alerts, and education. Start your FREE 7 day trial ‚¨áÔ∏è",https://t.co/2PIuMoQLwr,[],False,2827,20,49,Mon Apr 27 22:55:07 +0000 2020,36,,,False,False,24917,,False,False,False,F5F8FA,,,False,http://pbs.twimg.com/profile_images/1313651546211733505/o_KuWA_y_normal.jpg,https://pbs.twimg.com/profile_images/1313651546211733505/o_KuWA_y_normal.jpg,https://pbs.twimg.com/profile_banners/1254906887490936845/1602048848,1DA1F2,C0DEED,DDEEF6,333333,True,False,True,False,False,False,False,none,,,,,,,,,,,,,,,,,,,,,,,,,,,,,,,,,,,,,,,,,,,,,,,,,,,,,,,,,,,,,,,,,,,,,,,,,,,,,,,,,,,,,,,,,,,,,,,,,,,,,,,,,,,,,,,,,,,,,,,,,,,,,,,,,,,,,,,,,,,,,,,,,,,"[{'url': 'https://t.co/2PIuMoQLwr', 'expanded_url': 'https://quantdata.us/', 'display_url': 'quantdata.us', 'indices': [0, 23]}]",,,,,,,,,,,,,,,,,,,,,,,,,,,,,,,,,,,,,,,,,,,,,,,,,,,,,,,,,,,,,,,,,,,,,,,,,,,,,2020-10-26 14:49:43.779717+00:00
2020-10-26 14:12:01+00:00,1320729903101317120,1320729903101317120,"$LFER 029 with 20 million O/S? 10 CENTS+ SOONüí∏

$RLFTF $KODK $UAVS $GNUS $GEVO $ZOM $DYNT $SPAQ $XELA $XERS $IDEX $APPL $BIOC $BIOL $IBIO $KTOV $BNGO $PHUN $BOXL $HMHC $AYRO $TSLA $NOVN $NIO $RRD $MARA $BKYI $ADMP $DKNG $OAS $XELA $PHUN $CHFS $ATNM $ABIO $MARA $NK $SPAQ $MVIS https://t.co/GBRhlb0q5O",False,"[0, 276]","<a href=""http://twitter.com/download/android"" rel=""nofollow"">Twitter for Android</a>",,,,,,,,,,True,0,0,False,False,und,[],"[{'text': 'LFER', 'indices': [0, 5]}, {'text': 'RLFTF', 'indices': [48, 54]}, {'text': 'KODK', 'indices': [55, 60]}, {'text': 'UAVS', 'indices': [61, 66]}, {'text': 'GNUS', 'indices': [67, 72]}, {'text': 'GEVO', 'indices': [73, 78]}, {'text': 'ZOM', 'indices': [79, 83]}, {'text': 'DYNT', 'indices': [84, 89]}, {'text': 'SPAQ', 'indices': [90, 95]}, {'text': 'XELA', 'indices': [96, 101]}, {'text': 'XERS', 'indices': [102, 107]}, {'text': 'IDEX', 'indices': [108, 113]}, {'text': 'APPL', 'indices': [114, 119]}, {'text': 'BIOC', 'indices': [120, 125]}, {'text': 'BIOL', 'indices': [126, 131]}, {'text': 'IBIO', 'indices': [132, 137]}, {'text': 'KTOV', 'indices': [138, 143]}, {'text': 'BNGO', 'indices': [144, 149]}, {'text': 'PHUN', 'indices': [150, 155]}, {'text': 'BOXL', 'indices': [156, 161]}, {'text': 'HMHC', 'indices': [162, 167]}, {'text': 'AYRO', 'indices': [168, 173]}, {'text': 'TSLA', 'indices': [174, 179]}, {'text': 'NOVN', 'indices': [180, 185]}, {'text': 'NIO', 'indices': [186, 190]}, {'text': 'RRD', 'indices': [191, 195]}, {'text': 'MARA', 'indices': [196, 201]}, {'text': 'BKYI', 'indices': [202, 207]}, {'text': 'ADMP', 'indices': [208, 213]}, {'text': 'DKNG', 'indices': [214, 219]}, {'text': 'OAS', 'indices': [220, 224]}, {'text': 'XELA', 'indices': [225, 230]}, {'text': 'PHUN', 'indices': [231, 236]}, {'text': 'CHFS', 'indices': [237, 242]}, {'text': 'ATNM', 'indices': [243, 248]}, {'text': 'ABIO', 'indices': [249, 254]}, {'text': 'MARA', 'indices': [255, 260]}, {'text': 'NK', 'indices': [261, 264]}, {'text': 'SPAQ', 'indices': [265, 270]}, {'text': 'MVIS', 'indices': [271, 276]}]",[],"[{'url': 'https://t.co/GBRhlb0q5O', 'expanded_url': 'https://twitter.com/RadioSilentplay/status/1311335568622718976', 'display_url': 'twitter.com/RadioSilentpla‚Ä¶', 'indices': [277, 300]}]",und,recent,2913275793,2913275793,LOW FLOAT KING,low_float,,,,[],False,166,372,1,Wed Dec 10 06:16:14 +0000 2014,167,,,False,False,1280,,False,False,False,C0DEED,http://abs.twimg.com/images/themes/theme1/bg.png,https://abs.twimg.com/images/themes/theme1/bg.png,False,http://pbs.twimg.com/profile_images/848362377489678336/Qdce7rpy_normal.jpg,https://pbs.twimg.com/profile_images/848362377489678336/Qdce7rpy_normal.jpg,,1DA1F2,C0DEED,DDEEF6,333333,True,False,True,False,False,False,False,none,1.311335568622719e+18,1.311335568622719e+18,False,,,,,,,,,,,,,,,,,,,,,,,,,,,,,,,,,,,,,,,,,,,,,,,,,,,,,,,,,,,,,,,,,,,,,,,,,,,,,,,,,,,,,,,,,,,,,,,,,,,,,,,,,,,,,,,,,,,,,,,,,,,,,,,,,,,,,,,,,,,,,,,,,Wed Sep 30 16:02:17 +0000 2020,1.311335568622719e+18,1.311335568622719e+18,"$LFER .022 low Floor and looks like merger coming with $UPWT look for news to get found here 

Floor: .022 

Wedge Break 

Potential: .06-.08 

Low ss https://t.co/YRzFeGABZT https://t.co/ZOkJcwpZrl",False,"[0, 174]",[],"[{'text': 'LFER', 'indices': [0, 5]}, {'text': 'UPWT', 'indices': [55, 60]}]",[],"[{'url': 'https://t.co/YRzFeGABZT', 'expanded_url': 'https://twitter.com/RadioSilentplay/status/1311335217932783617', 'display_url': 'twitter.com/RadioSilentpla‚Ä¶', 'indices': [151, 174]}]","[{'id': 1311335547718316032, 'id_str': '1311335547718316032', 'indices': [175, 198], 'media_url': 'http://pbs.twimg.com/media/EjLMu58XsAA6d84.png', 'media_url_https': 'https://pbs.twimg.com/media/EjLMu58XsAA6d84.png', 'url': 'https://t.co/ZOkJcwpZrl', 'display_url': 'pic.twitter.com/ZOkJcwpZrl', 'expanded_url': 'https://twitter.com/RadioSilentplay/status/1311335568622718976/photo/1', 'type': 'photo', 'sizes': {'large': {'w': 680, 'h': 646, 'resize': 'fit'}, 'thumb': {'w': 150, 'h': 150, 'resize': 'crop'}, 'small': {'w': 680, 'h': 646, 'resize': 'fit'}, 'medium': {'w': 680, 'h': 646, 'resize': 'fit'}}}]","[{'id': 1311335547718316032, 'id_str': '1311335547718316032', 'indices': [175, 198], 'media_url': 'http://pbs.twimg.com/media/EjLMu58XsAA6d84.png', 'media_url_https': 'https://pbs.twimg.com/media/EjLMu58XsAA6d84.png', 'url': 'https://t.co/ZOkJcwpZrl', 'display_url': 'pic.twitter.com/ZOkJcwpZrl', 'expanded_url': 'https://twitter.com/RadioSilentplay/status/1311335568622718976/photo/1', 'type': 'photo', 'sizes': {'large': {'w': 680, 'h': 646, 'resize': 'fit'}, 'thumb': {'w': 150, 'h': 150, 'resize': 'crop'}, 'small': {'w': 680, 'h': 646, 'resize': 'fit'}, 'medium': {'w': 680, 'h': 646, 'resize': 'fit'}}}, {'id': 1311335558434693120, 'id_str': '1311335558434693120', 'indices': [175, 198], 'media_url': 'http://pbs.twimg.com/media/EjLMvh3WoAAnhVp.png', 'media_url_https': 'https://pbs.twimg.com/media/EjLMvh3WoAAnhVp.png', 'url': 'https://t.co/ZOkJcwpZrl', 'display_url': 'pic.twitter.com/ZOkJcwpZrl', 'expanded_url': 'https://twitter.com/RadioSilentplay/status/1311335568622718976/photo/1', 'type': 'photo', 'sizes': {'medium': {'w': 900, 'h': 950, 'resize': 'fit'}, 'large': {'w': 900, 'h': 950, 'resize': 'fit'}, 'small': {'w': 644, 'h': 680, 'resize': 'fit'}, 'thumb': {'w': 150, 'h': 150, 'resize': 'crop'}}}]",und,recent,"<a href=""https://mobile.twitter.com"" rel=""nofollow"">Twitter Web App</a>",,,,,,283102442.0,283102442.0,Radio Silent,RadioSilentplay,"NY,NY",All tweets sent are for info purposes only and should't be construed as an offer or solicitation to buy or sell securities. Not a licensed broker. Just opinion,https://t.co/WDBWS682wY,"[{'url': 'https://t.co/WDBWS682wY', 'expanded_url': 'http://www.radiosilentplaytrading.com', 'display_url': 'radiosilentplaytrading.com', 'indices': [0, 23]}]",[],False,38793.0,19.0,614.0,Sat Apr 16 15:43:56 +0000 2011,21547.0,,,False,False,32172.0,,False,False,False,C0DEED,http://abs.twimg.com/images/themes/theme1/bg.png,https://abs.twimg.com/images/themes/theme1/bg.png,True,http://pbs.twimg.com/profile_images/1280533875052220422/lEfvb1C0_normal.jpg,https://pbs.twimg.com/profile_images/1280533875052220422/lEfvb1C0_normal.jpg,https://pbs.twimg.com/profile_banners/283102442/1594138040,0084B4,C0DEED,DDEEF6,333333.0,True,False,False,False,False,False,False,none,,,,,True,1.3113352179327836e+18,1.3113352179327836e+18,8.0,10.0,False,False,False,en,2020-10-26 14:49:43.779717+00:00
