dt_index,id,id_str,full_text,truncated,display_text_range,source,in_reply_to_status_id,in_reply_to_status_id_str,in_reply_to_user_id,in_reply_to_user_id_str,in_reply_to_screen_name,geo,coordinates,place,contributors,is_quote_status,retweet_count,favorite_count,favorited,retweeted,lang,entities.hashtags,entities.symbols,entities.user_mentions,entities.urls,metadata.iso_language_code,metadata.result_type,user.id,user.id_str,user.name,user.screen_name,user.location,user.description,user.url,user.entities.description.urls,user.protected,user.followers_count,user.friends_count,user.listed_count,user.created_at,user.favourites_count,user.utc_offset,user.time_zone,user.geo_enabled,user.verified,user.statuses_count,user.lang,user.contributors_enabled,user.is_translator,user.is_translation_enabled,user.profile_background_color,user.profile_background_image_url,user.profile_background_image_url_https,user.profile_background_tile,user.profile_image_url,user.profile_image_url_https,user.profile_link_color,user.profile_sidebar_border_color,user.profile_sidebar_fill_color,user.profile_text_color,user.profile_use_background_image,user.has_extended_profile,user.default_profile,user.default_profile_image,user.following,user.follow_request_sent,user.notifications,user.translator_type,retweeted_status.created_at,retweeted_status.id,retweeted_status.id_str,retweeted_status.full_text,retweeted_status.truncated,retweeted_status.display_text_range,retweeted_status.entities.hashtags,retweeted_status.entities.symbols,retweeted_status.entities.user_mentions,retweeted_status.entities.urls,retweeted_status.metadata.iso_language_code,retweeted_status.metadata.result_type,retweeted_status.source,retweeted_status.in_reply_to_status_id,retweeted_status.in_reply_to_status_id_str,retweeted_status.in_reply_to_user_id,retweeted_status.in_reply_to_user_id_str,retweeted_status.in_reply_to_screen_name,retweeted_status.user.id,retweeted_status.user.id_str,retweeted_status.user.name,retweeted_status.user.screen_name,retweeted_status.user.location,retweeted_status.user.description,retweeted_status.user.url,retweeted_status.user.entities.description.urls,retweeted_status.user.protected,retweeted_status.user.followers_count,retweeted_status.user.friends_count,retweeted_status.user.listed_count,retweeted_status.user.created_at,retweeted_status.user.favourites_count,retweeted_status.user.utc_offset,retweeted_status.user.time_zone,retweeted_status.user.geo_enabled,retweeted_status.user.verified,retweeted_status.user.statuses_count,retweeted_status.user.lang,retweeted_status.user.contributors_enabled,retweeted_status.user.is_translator,retweeted_status.user.is_translation_enabled,retweeted_status.user.profile_background_color,retweeted_status.user.profile_background_image_url,retweeted_status.user.profile_background_image_url_https,retweeted_status.user.profile_background_tile,retweeted_status.user.profile_image_url,retweeted_status.user.profile_image_url_https,retweeted_status.user.profile_banner_url,retweeted_status.user.profile_link_color,retweeted_status.user.profile_sidebar_border_color,retweeted_status.user.profile_sidebar_fill_color,retweeted_status.user.profile_text_color,retweeted_status.user.profile_use_background_image,retweeted_status.user.has_extended_profile,retweeted_status.user.default_profile,retweeted_status.user.default_profile_image,retweeted_status.user.following,retweeted_status.user.follow_request_sent,retweeted_status.user.notifications,retweeted_status.user.translator_type,retweeted_status.geo,retweeted_status.coordinates,retweeted_status.place,retweeted_status.contributors,retweeted_status.is_quote_status,retweeted_status.retweet_count,retweeted_status.favorite_count,retweeted_status.favorited,retweeted_status.retweeted,retweeted_status.lang,possibly_sensitive,entities.media,extended_entities.media,fetched_at
2020-11-04 20:39:16+00:00,1324088848184303618,1324088848184303618,"Another great week! I made over 6k, A big thank you https://t.co/xnGKcyuuL1

$POLA $AAPL $NETE $TSLA $OEG $SPI $AAL $QQQ $ADXS $CBAT $AMD $SRNE $MSFT $VXRT $WKHS $SUNW $SPAQ $LCA $SBE $RAD $NETE $NKLA $SPY $GRAF $SHLL $PLUG $COST  $PENN $CODX $SSP $JBL $DRI https://t.co/xysbszPDVl",False,"[0, 257]","<a href=""http://twitter.com/download/android"" rel=""nofollow"">Twitter for Android</a>",,,,,,,,,,False,0,0,False,False,en,[],"[{'text': 'POLA', 'indices': [77, 82]}, {'text': 'AAPL', 'indices': [83, 88]}, {'text': 'NETE', 'indices': [89, 94]}, {'text': 'TSLA', 'indices': [95, 100]}, {'text': 'OEG', 'indices': [101, 105]}, {'text': 'SPI', 'indices': [106, 110]}, {'text': 'AAL', 'indices': [111, 115]}, {'text': 'QQQ', 'indices': [116, 120]}, {'text': 'ADXS', 'indices': [121, 126]}, {'text': 'CBAT', 'indices': [127, 132]}, {'text': 'AMD', 'indices': [133, 137]}, {'text': 'SRNE', 'indices': [138, 143]}, {'text': 'MSFT', 'indices': [144, 149]}, {'text': 'VXRT', 'indices': [150, 155]}, {'text': 'WKHS', 'indices': [156, 161]}, {'text': 'SUNW', 'indices': [162, 167]}, {'text': 'SPAQ', 'indices': [168, 173]}, {'text': 'LCA', 'indices': [174, 178]}, {'text': 'SBE', 'indices': [179, 183]}, {'text': 'RAD', 'indices': [184, 188]}, {'text': 'NETE', 'indices': [189, 194]}, {'text': 'NKLA', 'indices': [195, 200]}, {'text': 'SPY', 'indices': [201, 205]}, {'text': 'GRAF', 'indices': [206, 211]}, {'text': 'SHLL', 'indices': [212, 217]}, {'text': 'PLUG', 'indices': [218, 223]}, {'text': 'COST', 'indices': [224, 229]}, {'text': 'PENN', 'indices': [231, 236]}, {'text': 'CODX', 'indices': [237, 242]}, {'text': 'SSP', 'indices': [243, 247]}, {'text': 'JBL', 'indices': [248, 252]}, {'text': 'DRI', 'indices': [253, 257]}]",[],"[{'url': 'https://t.co/xnGKcyuuL1', 'expanded_url': 'https://discord.gg/ekNGZzu', 'display_url': 'discord.gg/ekNGZzu', 'indices': [52, 75]}]",en,recent,1261540915258294272,1261540915258294272,stock trader,stocktrader5550,,trade market analyst and trader,,[],False,525,459,4,Sat May 16 06:16:23 +0000 2020,34,,,True,False,2231,,False,False,False,F5F8FA,,,False,http://pbs.twimg.com/profile_images/1290740752473919489/m6Lrvb1O_normal.jpg,https://pbs.twimg.com/profile_images/1290740752473919489/m6Lrvb1O_normal.jpg,1DA1F2,C0DEED,DDEEF6,333333,True,False,True,False,False,False,False,none,,,,,,,,,,,,,,,,,,,,,,,,,,,,,,,,,,,,,,,,,,,,,,,,,,,,,,,,,,,,,,,,,,,,,,,False,"[{'id': 1324088831797153792, 'id_str': '1324088831797153792', 'indices': [258, 281], 'media_url': 'http://pbs.twimg.com/media/EmAbxvZU0AAcQTZ.jpg', 'media_url_https': 'https://pbs.twimg.com/media/EmAbxvZU0AAcQTZ.jpg', 'url': 'https://t.co/xysbszPDVl', 'display_url': 'pic.twitter.com/xysbszPDVl', 'expanded_url': 'https://twitter.com/stocktrader5550/status/1324088848184303618/photo/1', 'type': 'photo', 'sizes': {'thumb': {'w': 150, 'h': 150, 'resize': 'crop'}, 'large': {'w': 1536, 'h': 2048, 'resize': 'fit'}, 'small': {'w': 510, 'h': 680, 'resize': 'fit'}, 'medium': {'w': 900, 'h': 1200, 'resize': 'fit'}}}]","[{'id': 1324088831797153792, 'id_str': '1324088831797153792', 'indices': [258, 281], 'media_url': 'http://pbs.twimg.com/media/EmAbxvZU0AAcQTZ.jpg', 'media_url_https': 'https://pbs.twimg.com/media/EmAbxvZU0AAcQTZ.jpg', 'url': 'https://t.co/xysbszPDVl', 'display_url': 'pic.twitter.com/xysbszPDVl', 'expanded_url': 'https://twitter.com/stocktrader5550/status/1324088848184303618/photo/1', 'type': 'photo', 'sizes': {'thumb': {'w': 150, 'h': 150, 'resize': 'crop'}, 'large': {'w': 1536, 'h': 2048, 'resize': 'fit'}, 'small': {'w': 510, 'h': 680, 'resize': 'fit'}, 'medium': {'w': 900, 'h': 1200, 'resize': 'fit'}}}]",2020-11-04 20:41:16.021341+00:00
2020-11-04 20:36:43+00:00,1324088206371872769,1324088206371872769,"Day Trading &amp; Penny Stocks https://t.co/xnGKcyuuL1

$pola $cbat $ncty $bnso $rdi $nndm $snde $mchx $ontx $visl $mcep $idex $vyne $abeo $stim $ayro $otic $evgn $mara $aqb $eton $ba $nclh $cost $nclh $rcl $czr $tatt $flr $ccl $abev $omi $hal $sh $pton $rig $shll $csco $jnk $gevo https://t.co/KIuytyfN8g",False,"[0, 281]","<a href=""http://twitter.com/download/android"" rel=""nofollow"">Twitter for Android</a>",,,,,,,,,,False,0,0,False,False,en,[],"[{'text': 'pola', 'indices': [56, 61]}, {'text': 'cbat', 'indices': [62, 67]}, {'text': 'ncty', 'indices': [68, 73]}, {'text': 'bnso', 'indices': [74, 79]}, {'text': 'rdi', 'indices': [80, 84]}, {'text': 'nndm', 'indices': [85, 90]}, {'text': 'snde', 'indices': [91, 96]}, {'text': 'mchx', 'indices': [97, 102]}, {'text': 'ontx', 'indices': [103, 108]}, {'text': 'visl', 'indices': [109, 114]}, {'text': 'mcep', 'indices': [115, 120]}, {'text': 'idex', 'indices': [121, 126]}, {'text': 'vyne', 'indices': [127, 132]}, {'text': 'abeo', 'indices': [133, 138]}, {'text': 'stim', 'indices': [139, 144]}, {'text': 'ayro', 'indices': [145, 150]}, {'text': 'otic', 'indices': [151, 156]}, {'text': 'evgn', 'indices': [157, 162]}, {'text': 'mara', 'indices': [163, 168]}, {'text': 'aqb', 'indices': [169, 173]}, {'text': 'eton', 'indices': [174, 179]}, {'text': 'ba', 'indices': [180, 183]}, {'text': 'nclh', 'indices': [184, 189]}, {'text': 'cost', 'indices': [190, 195]}, {'text': 'nclh', 'indices': [196, 201]}, {'text': 'rcl', 'indices': [202, 206]}, {'text': 'czr', 'indices': [207, 211]}, {'text': 'tatt', 'indices': [212, 217]}, {'text': 'flr', 'indices': [218, 222]}, {'text': 'ccl', 'indices': [223, 227]}, {'text': 'abev', 'indices': [228, 233]}, {'text': 'omi', 'indices': [234, 238]}, {'text': 'hal', 'indices': [239, 243]}, {'text': 'sh', 'indices': [244, 247]}, {'text': 'pton', 'indices': [248, 253]}, {'text': 'rig', 'indices': [254, 258]}, {'text': 'shll', 'indices': [259, 264]}, {'text': 'csco', 'indices': [265, 270]}, {'text': 'jnk', 'indices': [271, 275]}, {'text': 'gevo', 'indices': [276, 281]}]",[],"[{'url': 'https://t.co/xnGKcyuuL1', 'expanded_url': 'https://discord.gg/ekNGZzu', 'display_url': 'discord.gg/ekNGZzu', 'indices': [31, 54]}]",en,recent,1261540915258294272,1261540915258294272,stock trader,stocktrader5550,,trade market analyst and trader,,[],False,525,459,4,Sat May 16 06:16:23 +0000 2020,34,,,True,False,2223,,False,False,False,F5F8FA,,,False,http://pbs.twimg.com/profile_images/1290740752473919489/m6Lrvb1O_normal.jpg,https://pbs.twimg.com/profile_images/1290740752473919489/m6Lrvb1O_normal.jpg,1DA1F2,C0DEED,DDEEF6,333333,True,False,True,False,False,False,False,none,,,,,,,,,,,,,,,,,,,,,,,,,,,,,,,,,,,,,,,,,,,,,,,,,,,,,,,,,,,,,,,,,,,,,,,False,"[{'id': 1324088185471655937, 'id_str': '1324088185471655937', 'indices': [282, 305], 'media_url': 'http://pbs.twimg.com/media/EmAbMHpUYAE4Ixr.jpg', 'media_url_https': 'https://pbs.twimg.com/media/EmAbMHpUYAE4Ixr.jpg', 'url': 'https://t.co/KIuytyfN8g', 'display_url': 'pic.twitter.com/KIuytyfN8g', 'expanded_url': 'https://twitter.com/stocktrader5550/status/1324088206371872769/photo/1', 'type': 'photo', 'sizes': {'thumb': {'w': 150, 'h': 150, 'resize': 'crop'}, 'medium': {'w': 600, 'h': 1200, 'resize': 'fit'}, 'large': {'w': 1024, 'h': 2048, 'resize': 'fit'}, 'small': {'w': 340, 'h': 680, 'resize': 'fit'}}}]","[{'id': 1324088185471655937, 'id_str': '1324088185471655937', 'indices': [282, 305], 'media_url': 'http://pbs.twimg.com/media/EmAbMHpUYAE4Ixr.jpg', 'media_url_https': 'https://pbs.twimg.com/media/EmAbMHpUYAE4Ixr.jpg', 'url': 'https://t.co/KIuytyfN8g', 'display_url': 'pic.twitter.com/KIuytyfN8g', 'expanded_url': 'https://twitter.com/stocktrader5550/status/1324088206371872769/photo/1', 'type': 'photo', 'sizes': {'thumb': {'w': 150, 'h': 150, 'resize': 'crop'}, 'medium': {'w': 600, 'h': 1200, 'resize': 'fit'}, 'large': {'w': 1024, 'h': 2048, 'resize': 'fit'}, 'small': {'w': 340, 'h': 680, 'resize': 'fit'}}}]",2020-11-04 20:38:41.463322+00:00
2020-11-04 20:18:47+00:00,1324083693883957248,1324083693883957248,"RT @pharris667: Focus List $BABA on Investor Day Comments
$PENN on Last Nights Company Update
$NIO $SHLL $GRWG On yesterday's momentum
$BIG‚Ä¶",False,"[0, 140]","<a href=""http://twitter.com/download/iphone"" rel=""nofollow"">Twitter for iPhone</a>",,,,,,,,,,False,2,0,False,False,en,[],"[{'text': 'BABA', 'indices': [27, 32]}, {'text': 'PENN', 'indices': [58, 63]}, {'text': 'NIO', 'indices': [94, 98]}, {'text': 'SHLL', 'indices': [99, 104]}, {'text': 'GRWG', 'indices': [105, 110]}]","[{'screen_name': 'pharris667', 'name': 'Harris Market Trends', 'id': 993282182, 'id_str': '993282182', 'indices': [3, 14]}]",[],en,recent,741908427580968962,741908427580968962,ÿ∞ŸÉÿ±Ÿâ,nikiforovchinn3,,‚Äèÿßÿ∞ÿß ŸÉÿßŸÜ ÿßŸÑÿ≤ŸÖÿßŸÜ ŸàÿßŸÑÿ•ŸÜÿ≥ÿßŸÜ ÿ∂ÿØŸä ....ŸÅÿ£ŸÜÿß #ÿ≥Ÿàÿ±Ÿä ÿ£ŸáŸàŸâ ÿßŸÑÿ™ÿ≠ÿØŸä .... ŸÑŸà ÿØŸÇ ÿßŸÑŸÖŸàÿ™ ÿ®ÿßÿ®Ÿä Ÿàÿ¥ÿßÿ° ÿ±ÿ®Ÿä ÿßŸÜ,,[],False,0,20,0,Sun Jun 12 08:22:07 +0000 2016,0,,,False,False,70,,False,False,False,F5F8FA,,,False,http://pbs.twimg.com/profile_images/742501218954715137/otlN3cKj_normal.jpg,https://pbs.twimg.com/profile_images/742501218954715137/otlN3cKj_normal.jpg,1DA1F2,C0DEED,DDEEF6,333333,True,False,True,False,False,False,False,none,Wed Sep 30 11:26:12 +0000 2020,1.3112660895742484e+18,1.3112660895742484e+18,"Focus List $BABA on Investor Day Comments
$PENN on Last Nights Company Update
$NIO $SHLL $GRWG On yesterday's momentum
$BIGC $FROG $FOUR Ipo names have been strong",False,"[0, 163]",[],"[{'text': 'BABA', 'indices': [11, 16]}, {'text': 'PENN', 'indices': [42, 47]}, {'text': 'NIO', 'indices': [78, 82]}, {'text': 'SHLL', 'indices': [83, 88]}, {'text': 'GRWG', 'indices': [89, 94]}, {'text': 'BIGC', 'indices': [119, 124]}, {'text': 'FROG', 'indices': [125, 130]}, {'text': 'FOUR', 'indices': [131, 136]}]",[],[],en,recent,"<a href=""https://mobile.twitter.com"" rel=""nofollow"">Twitter Web App</a>",,,,,,993282182.0,993282182.0,Harris Market Trends,pharris667,Michigan,37 years trading experience -Trade established Quality stocks setups and options Like to trade the Top stocks-Position Trader for informational use only,,[],False,12229.0,328.0,383.0,Thu Dec 06 15:27:10 +0000 2012,891.0,,,True,False,25731.0,,False,False,False,C0DEED,http://abs.twimg.com/images/themes/theme1/bg.png,https://abs.twimg.com/images/themes/theme1/bg.png,False,http://pbs.twimg.com/profile_images/624048749971542016/HHcTAyTD_normal.jpg,https://pbs.twimg.com/profile_images/624048749971542016/HHcTAyTD_normal.jpg,https://pbs.twimg.com/profile_banners/993282182/1437649116,1DA1F2,C0DEED,DDEEF6,333333.0,True,True,True,False,False,False,False,none,,,,,False,2.0,5.0,False,False,en,,,,2020-11-04 20:23:52.764470+00:00
2020-11-04 19:51:28+00:00,1324076817674723328,1324076817674723328,"‚òõ ‚òõ  https://t.co/Uvf89aBuQX

welcome our Professional Trading Room

$alna $ckpt $aljj $clpt $tnxp $htbx $clro $dtea $pdsb $ontx
$SPAQ $SHLL $HYLN $TSLA $NKLA $DPW $WKHS $NIO $LI $IDEX $SOLO $AYRO $FUV $WKHS $IDEX $POLA $KNDI $VTIQ $HCAC $EVSI $BLNK $FCEL $PLUG $BLDP $AAPL https://t.co/1E3pVH2Aga",False,"[0, 273]","<a href=""http://twitter.com/download/android"" rel=""nofollow"">Twitter for Android</a>",,,,,,,,,,False,0,0,False,False,in,[],"[{'text': 'alna', 'indices': [69, 74]}, {'text': 'ckpt', 'indices': [75, 80]}, {'text': 'aljj', 'indices': [81, 86]}, {'text': 'clpt', 'indices': [87, 92]}, {'text': 'tnxp', 'indices': [93, 98]}, {'text': 'htbx', 'indices': [99, 104]}, {'text': 'clro', 'indices': [105, 110]}, {'text': 'dtea', 'indices': [111, 116]}, {'text': 'pdsb', 'indices': [117, 122]}, {'text': 'ontx', 'indices': [123, 128]}, {'text': 'SPAQ', 'indices': [129, 134]}, {'text': 'SHLL', 'indices': [135, 140]}, {'text': 'HYLN', 'indices': [141, 146]}, {'text': 'TSLA', 'indices': [147, 152]}, {'text': 'NKLA', 'indices': [153, 158]}, {'text': 'DPW', 'indices': [159, 163]}, {'text': 'WKHS', 'indices': [164, 169]}, {'text': 'NIO', 'indices': [170, 174]}, {'text': 'LI', 'indices': [175, 178]}, {'text': 'IDEX', 'indices': [179, 184]}, {'text': 'SOLO', 'indices': [185, 190]}, {'text': 'AYRO', 'indices': [191, 196]}, {'text': 'FUV', 'indices': [197, 201]}, {'text': 'WKHS', 'indices': [202, 207]}, {'text': 'IDEX', 'indices': [208, 213]}, {'text': 'POLA', 'indices': [214, 219]}, {'text': 'KNDI', 'indices': [220, 225]}, {'text': 'VTIQ', 'indices': [226, 231]}, {'text': 'HCAC', 'indices': [232, 237]}, {'text': 'EVSI', 'indices': [238, 243]}, {'text': 'BLNK', 'indices': [244, 249]}, {'text': 'FCEL', 'indices': [250, 255]}, {'text': 'PLUG', 'indices': [256, 261]}, {'text': 'BLDP', 'indices': [262, 267]}, {'text': 'AAPL', 'indices': [268, 273]}]",[],"[{'url': 'https://t.co/Uvf89aBuQX', 'expanded_url': 'https://discord.gg/VEnEwtU', 'display_url': 'discord.gg/VEnEwtU', 'indices': [5, 28]}]",in,recent,1294356362554556416,1294356362554556416,Jhon trade,JhonTrade,,"stock, crypto, option trader and marketer",,[],False,170,80,1,Fri Aug 14 19:33:13 +0000 2020,12,,,False,False,2303,,False,False,False,F5F8FA,,,False,http://pbs.twimg.com/profile_images/1294356857943801856/1VRSVFLy_normal.jpg,https://pbs.twimg.com/profile_images/1294356857943801856/1VRSVFLy_normal.jpg,1DA1F2,C0DEED,DDEEF6,333333,True,True,True,False,False,False,False,none,,,,,,,,,,,,,,,,,,,,,,,,,,,,,,,,,,,,,,,,,,,,,,,,,,,,,,,,,,,,,,,,,,,,,,,False,"[{'id': 1324076813702762496, 'id_str': '1324076813702762496', 'indices': [274, 297], 'media_url': 'http://pbs.twimg.com/media/EmAQ2MgVkAAL60y.png', 'media_url_https': 'https://pbs.twimg.com/media/EmAQ2MgVkAAL60y.png', 'url': 'https://t.co/1E3pVH2Aga', 'display_url': 'pic.twitter.com/1E3pVH2Aga', 'expanded_url': 'https://twitter.com/JhonTrade/status/1324076817674723328/photo/1', 'type': 'photo', 'sizes': {'small': {'w': 200, 'h': 45, 'resize': 'fit'}, 'thumb': {'w': 45, 'h': 45, 'resize': 'crop'}, 'large': {'w': 200, 'h': 45, 'resize': 'fit'}, 'medium': {'w': 200, 'h': 45, 'resize': 'fit'}}}]","[{'id': 1324076813702762496, 'id_str': '1324076813702762496', 'indices': [274, 297], 'media_url': 'http://pbs.twimg.com/media/EmAQ2MgVkAAL60y.png', 'media_url_https': 'https://pbs.twimg.com/media/EmAQ2MgVkAAL60y.png', 'url': 'https://t.co/1E3pVH2Aga', 'display_url': 'pic.twitter.com/1E3pVH2Aga', 'expanded_url': 'https://twitter.com/JhonTrade/status/1324076817674723328/photo/1', 'type': 'photo', 'sizes': {'small': {'w': 200, 'h': 45, 'resize': 'fit'}, 'thumb': {'w': 45, 'h': 45, 'resize': 'crop'}, 'large': {'w': 200, 'h': 45, 'resize': 'fit'}, 'medium': {'w': 200, 'h': 45, 'resize': 'fit'}}}]",2020-11-04 20:23:52.764470+00:00
2020-11-04 19:44:45+00:00,1324075129534521344,1324075129534521344,"Alertsüìà
Update üí∏
Watchlist üìâ‚ù§Ô∏è
Discord group üëåüôè
https://t.co/UTmSVruZin

$cbat $vxrt $msft $boxl $nkla $srne $rkt $aal $uxin $xspa $htz $dkng $gaxy $opti $penn $sunw $tsla $gevo $shll $lca $gme $novn $fsly $spaq $spy $wkhs $nio $fb $aapl $ozsc $tlss $vysr $y $bbrw $tops $nio https://t.co/5bj5uCsCjp",False,"[0, 275]","<a href=""http://twitter.com/download/android"" rel=""nofollow"">Twitter for Android</a>",,,,,,,,,,False,0,0,False,False,in,[],"[{'text': 'cbat', 'indices': [73, 78]}, {'text': 'vxrt', 'indices': [79, 84]}, {'text': 'msft', 'indices': [85, 90]}, {'text': 'boxl', 'indices': [91, 96]}, {'text': 'nkla', 'indices': [97, 102]}, {'text': 'srne', 'indices': [103, 108]}, {'text': 'rkt', 'indices': [109, 113]}, {'text': 'aal', 'indices': [114, 118]}, {'text': 'uxin', 'indices': [119, 124]}, {'text': 'xspa', 'indices': [125, 130]}, {'text': 'htz', 'indices': [131, 135]}, {'text': 'dkng', 'indices': [136, 141]}, {'text': 'gaxy', 'indices': [142, 147]}, {'text': 'opti', 'indices': [148, 153]}, {'text': 'penn', 'indices': [154, 159]}, {'text': 'sunw', 'indices': [160, 165]}, {'text': 'tsla', 'indices': [166, 171]}, {'text': 'gevo', 'indices': [172, 177]}, {'text': 'shll', 'indices': [178, 183]}, {'text': 'lca', 'indices': [184, 188]}, {'text': 'gme', 'indices': [189, 193]}, {'text': 'novn', 'indices': [194, 199]}, {'text': 'fsly', 'indices': [200, 205]}, {'text': 'spaq', 'indices': [206, 211]}, {'text': 'spy', 'indices': [212, 216]}, {'text': 'wkhs', 'indices': [217, 222]}, {'text': 'nio', 'indices': [223, 227]}, {'text': 'fb', 'indices': [228, 231]}, {'text': 'aapl', 'indices': [232, 237]}, {'text': 'ozsc', 'indices': [238, 243]}, {'text': 'tlss', 'indices': [244, 249]}, {'text': 'vysr', 'indices': [250, 255]}, {'text': 'y', 'indices': [256, 258]}, {'text': 'bbrw', 'indices': [259, 264]}, {'text': 'tops', 'indices': [265, 270]}, {'text': 'nio', 'indices': [271, 275]}]",[],"[{'url': 'https://t.co/UTmSVruZin', 'expanded_url': 'https://discord.gg/ekNGZzu', 'display_url': 'discord.gg/ekNGZzu', 'indices': [48, 71]}]",in,recent,1315412693180837890,1315412693180837890,Harriet,HARRIETQ28,,marketer and promoter,,[],False,5,18,0,Sun Oct 11 22:03:36 +0000 2020,3,,,False,False,178,,False,False,False,F5F8FA,,,False,http://pbs.twimg.com/profile_images/1315412919429943296/49Lj1Utb_normal.jpg,https://pbs.twimg.com/profile_images/1315412919429943296/49Lj1Utb_normal.jpg,1DA1F2,C0DEED,DDEEF6,333333,True,True,True,False,False,False,False,none,,,,,,,,,,,,,,,,,,,,,,,,,,,,,,,,,,,,,,,,,,,,,,,,,,,,,,,,,,,,,,,,,,,,,,,False,"[{'id': 1324075099117375488, 'id_str': '1324075099117375488', 'indices': [276, 299], 'media_url': 'http://pbs.twimg.com/media/EmAPSZLU0AABpWC.jpg', 'media_url_https': 'https://pbs.twimg.com/media/EmAPSZLU0AABpWC.jpg', 'url': 'https://t.co/5bj5uCsCjp', 'display_url': 'pic.twitter.com/5bj5uCsCjp', 'expanded_url': 'https://twitter.com/HARRIETQ28/status/1324075129534521344/photo/1', 'type': 'photo', 'sizes': {'thumb': {'w': 150, 'h': 150, 'resize': 'crop'}, 'medium': {'w': 560, 'h': 1200, 'resize': 'fit'}, 'small': {'w': 317, 'h': 680, 'resize': 'fit'}, 'large': {'w': 955, 'h': 2048, 'resize': 'fit'}}}]","[{'id': 1324075099117375488, 'id_str': '1324075099117375488', 'indices': [276, 299], 'media_url': 'http://pbs.twimg.com/media/EmAPSZLU0AABpWC.jpg', 'media_url_https': 'https://pbs.twimg.com/media/EmAPSZLU0AABpWC.jpg', 'url': 'https://t.co/5bj5uCsCjp', 'display_url': 'pic.twitter.com/5bj5uCsCjp', 'expanded_url': 'https://twitter.com/HARRIETQ28/status/1324075129534521344/photo/1', 'type': 'photo', 'sizes': {'thumb': {'w': 150, 'h': 150, 'resize': 'crop'}, 'medium': {'w': 560, 'h': 1200, 'resize': 'fit'}, 'small': {'w': 317, 'h': 680, 'resize': 'fit'}, 'large': {'w': 955, 'h': 2048, 'resize': 'fit'}}}]",2020-11-04 20:23:52.764470+00:00
2020-11-04 19:35:57+00:00,1324072914505748480,1324072914505748480,"Best place for day trading, swing trading, stocks and options.....   https://t.co/xnGKcyuuL1

$SHLL $GRWG $GLLU $DDOG $NVAX $NVDA $NTES $RVLV $FUTU $TNK $LYFT $PENN $MU $RVLV $CSCO $AMC $TSLA $PTON $DVAX $SPY https://t.co/P7dTOpsFHt",False,"[0, 208]","<a href=""http://twitter.com/download/android"" rel=""nofollow"">Twitter for Android</a>",,,,,,,,,,False,0,0,False,False,en,[],"[{'text': 'SHLL', 'indices': [94, 99]}, {'text': 'GRWG', 'indices': [100, 105]}, {'text': 'GLLU', 'indices': [106, 111]}, {'text': 'DDOG', 'indices': [112, 117]}, {'text': 'NVAX', 'indices': [118, 123]}, {'text': 'NVDA', 'indices': [124, 129]}, {'text': 'NTES', 'indices': [130, 135]}, {'text': 'RVLV', 'indices': [136, 141]}, {'text': 'FUTU', 'indices': [142, 147]}, {'text': 'TNK', 'indices': [148, 152]}, {'text': 'LYFT', 'indices': [153, 158]}, {'text': 'PENN', 'indices': [159, 164]}, {'text': 'MU', 'indices': [165, 168]}, {'text': 'RVLV', 'indices': [169, 174]}, {'text': 'CSCO', 'indices': [175, 180]}, {'text': 'AMC', 'indices': [181, 185]}, {'text': 'TSLA', 'indices': [186, 191]}, {'text': 'PTON', 'indices': [192, 197]}, {'text': 'DVAX', 'indices': [198, 203]}, {'text': 'SPY', 'indices': [204, 208]}]",[],"[{'url': 'https://t.co/xnGKcyuuL1', 'expanded_url': 'https://discord.gg/ekNGZzu', 'display_url': 'discord.gg/ekNGZzu', 'indices': [69, 92]}]",en,recent,1261540915258294272,1261540915258294272,stock trader,stocktrader5550,,trade market analyst and trader,,[],False,525,459,4,Sat May 16 06:16:23 +0000 2020,34,,,True,False,2221,,False,False,False,F5F8FA,,,False,http://pbs.twimg.com/profile_images/1290740752473919489/m6Lrvb1O_normal.jpg,https://pbs.twimg.com/profile_images/1290740752473919489/m6Lrvb1O_normal.jpg,1DA1F2,C0DEED,DDEEF6,333333,True,False,True,False,False,False,False,none,,,,,,,,,,,,,,,,,,,,,,,,,,,,,,,,,,,,,,,,,,,,,,,,,,,,,,,,,,,,,,,,,,,,,,,False,"[{'id': 1324072898613555201, 'id_str': '1324072898613555201', 'indices': [209, 232], 'media_url': 'http://pbs.twimg.com/media/EmANSTqVMAEL7UR.jpg', 'media_url_https': 'https://pbs.twimg.com/media/EmANSTqVMAEL7UR.jpg', 'url': 'https://t.co/P7dTOpsFHt', 'display_url': 'pic.twitter.com/P7dTOpsFHt', 'expanded_url': 'https://twitter.com/stocktrader5550/status/1324072914505748480/photo/1', 'type': 'photo', 'sizes': {'thumb': {'w': 150, 'h': 150, 'resize': 'crop'}, 'medium': {'w': 560, 'h': 1200, 'resize': 'fit'}, 'small': {'w': 317, 'h': 680, 'resize': 'fit'}, 'large': {'w': 955, 'h': 2048, 'resize': 'fit'}}}]","[{'id': 1324072898613555201, 'id_str': '1324072898613555201', 'indices': [209, 232], 'media_url': 'http://pbs.twimg.com/media/EmANSTqVMAEL7UR.jpg', 'media_url_https': 'https://pbs.twimg.com/media/EmANSTqVMAEL7UR.jpg', 'url': 'https://t.co/P7dTOpsFHt', 'display_url': 'pic.twitter.com/P7dTOpsFHt', 'expanded_url': 'https://twitter.com/stocktrader5550/status/1324072914505748480/photo/1', 'type': 'photo', 'sizes': {'thumb': {'w': 150, 'h': 150, 'resize': 'crop'}, 'medium': {'w': 560, 'h': 1200, 'resize': 'fit'}, 'small': {'w': 317, 'h': 680, 'resize': 'fit'}, 'large': {'w': 955, 'h': 2048, 'resize': 'fit'}}}]",2020-11-04 20:23:52.764470+00:00
2020-11-04 19:07:00+00:00,1324065629368823808,1324065629368823808,"Alertsüìà
Update üí∏
Watchlist üìâ‚ù§Ô∏è
Discord group üëåüôè
https://t.co/jUS6V5cTyd

$cbat $vxrt $msft $boxl $nkla $srne $rkt $aal $uxin $xspa $htz $dkng $gaxy $opti $penn $sunw $tsla $gevo $shll $lca $gme $novn $fsly $spaq $spy $wkhs $nio $fb $aapl $ozsc $tlss $vysr $y $bbrw $tops $nio https://t.co/1hJrxc8oCS",False,"[0, 275]","<a href=""http://twitter.com/download/android"" rel=""nofollow"">Twitter for Android</a>",,,,,,,,,,False,0,1,False,False,in,[],"[{'text': 'cbat', 'indices': [73, 78]}, {'text': 'vxrt', 'indices': [79, 84]}, {'text': 'msft', 'indices': [85, 90]}, {'text': 'boxl', 'indices': [91, 96]}, {'text': 'nkla', 'indices': [97, 102]}, {'text': 'srne', 'indices': [103, 108]}, {'text': 'rkt', 'indices': [109, 113]}, {'text': 'aal', 'indices': [114, 118]}, {'text': 'uxin', 'indices': [119, 124]}, {'text': 'xspa', 'indices': [125, 130]}, {'text': 'htz', 'indices': [131, 135]}, {'text': 'dkng', 'indices': [136, 141]}, {'text': 'gaxy', 'indices': [142, 147]}, {'text': 'opti', 'indices': [148, 153]}, {'text': 'penn', 'indices': [154, 159]}, {'text': 'sunw', 'indices': [160, 165]}, {'text': 'tsla', 'indices': [166, 171]}, {'text': 'gevo', 'indices': [172, 177]}, {'text': 'shll', 'indices': [178, 183]}, {'text': 'lca', 'indices': [184, 188]}, {'text': 'gme', 'indices': [189, 193]}, {'text': 'novn', 'indices': [194, 199]}, {'text': 'fsly', 'indices': [200, 205]}, {'text': 'spaq', 'indices': [206, 211]}, {'text': 'spy', 'indices': [212, 216]}, {'text': 'wkhs', 'indices': [217, 222]}, {'text': 'nio', 'indices': [223, 227]}, {'text': 'fb', 'indices': [228, 231]}, {'text': 'aapl', 'indices': [232, 237]}, {'text': 'ozsc', 'indices': [238, 243]}, {'text': 'tlss', 'indices': [244, 249]}, {'text': 'vysr', 'indices': [250, 255]}, {'text': 'y', 'indices': [256, 258]}, {'text': 'bbrw', 'indices': [259, 264]}, {'text': 'tops', 'indices': [265, 270]}, {'text': 'nio', 'indices': [271, 275]}]",[],"[{'url': 'https://t.co/jUS6V5cTyd', 'expanded_url': 'https://discord.gg/zG2daXtb3G', 'display_url': 'discord.gg/zG2daXtb3G', 'indices': [48, 71]}]",in,recent,1294516266313510913,1294516266313510913,RAJU RAY,RAJURAYM,India ,trade marketing and advertising,,[],False,65,81,0,Sat Aug 15 06:08:34 +0000 2020,7,,,False,False,2628,,False,False,False,F5F8FA,,,False,http://pbs.twimg.com/profile_images/1294543882475040768/GIdkMMmw_normal.jpg,https://pbs.twimg.com/profile_images/1294543882475040768/GIdkMMmw_normal.jpg,1DA1F2,C0DEED,DDEEF6,333333,True,True,True,False,False,False,False,none,,,,,,,,,,,,,,,,,,,,,,,,,,,,,,,,,,,,,,,,,,,,,,,,,,,,,,,,,,,,,,,,,,,,,,,False,"[{'id': 1324065607428444160, 'id_str': '1324065607428444160', 'indices': [276, 299], 'media_url': 'http://pbs.twimg.com/media/EmAGp54VkAAu-et.jpg', 'media_url_https': 'https://pbs.twimg.com/media/EmAGp54VkAAu-et.jpg', 'url': 'https://t.co/1hJrxc8oCS', 'display_url': 'pic.twitter.com/1hJrxc8oCS', 'expanded_url': 'https://twitter.com/RAJURAYM/status/1324065629368823808/photo/1', 'type': 'photo', 'sizes': {'thumb': {'w': 150, 'h': 150, 'resize': 'crop'}, 'large': {'w': 1536, 'h': 2048, 'resize': 'fit'}, 'small': {'w': 510, 'h': 680, 'resize': 'fit'}, 'medium': {'w': 900, 'h': 1200, 'resize': 'fit'}}}]","[{'id': 1324065607428444160, 'id_str': '1324065607428444160', 'indices': [276, 299], 'media_url': 'http://pbs.twimg.com/media/EmAGp54VkAAu-et.jpg', 'media_url_https': 'https://pbs.twimg.com/media/EmAGp54VkAAu-et.jpg', 'url': 'https://t.co/1hJrxc8oCS', 'display_url': 'pic.twitter.com/1hJrxc8oCS', 'expanded_url': 'https://twitter.com/RAJURAYM/status/1324065629368823808/photo/1', 'type': 'photo', 'sizes': {'thumb': {'w': 150, 'h': 150, 'resize': 'crop'}, 'large': {'w': 1536, 'h': 2048, 'resize': 'fit'}, 'small': {'w': 510, 'h': 680, 'resize': 'fit'}, 'medium': {'w': 900, 'h': 1200, 'resize': 'fit'}}}]",2020-11-04 20:23:52.764470+00:00
